{"cameraMode":{"drawMode":0,"name":"Shaded","section":"Shading Mode"},"sceneLighting":true,"audioPlay":false,"sceneViewState":{"m_AlwaysRefresh":false,"showFog":true,"showSkybox":true,"showFlares":true,"showImageEffects":true,"showParticleSystems":true,"showVisualEffectGraphs":true,"m_FxEnabled":true},"in2DMode":false,"pivot":{"x":-0.8133563995361328,"y":-27.879409790039064,"z":32.871620178222659},"rotation":{"x":-0.31435051560401919,"y":0.09151705354452133,"z":-0.030495231971144677,"w":-0.9444470405578613},"size":30.680994033813478,"orthographic":false}