{"cameraMode":{"drawMode":0,"name":"Shaded","section":"Shading Mode"},"sceneLighting":true,"audioPlay":false,"sceneViewState":{"m_AlwaysRefresh":false,"showFog":true,"showSkybox":true,"showFlares":true,"showImageEffects":true,"showParticleSystems":true,"showVisualEffectGraphs":true,"m_FxEnabled":true},"in2DMode":false,"pivot":{"x":1.6752853393554688,"y":-2.542407989501953,"z":0.27455562353134158},"rotation":{"x":0.20335686206817628,"y":-0.6765176057815552,"z":0.20282337069511414,"w":0.6781407594680786},"size":22.380220413208009,"orthographic":false}