{"cameraMode":{"drawMode":0,"name":"Shaded","section":"Shading Mode"},"sceneLighting":true,"audioPlay":false,"sceneViewState":{"m_AlwaysRefresh":false,"showFog":true,"showSkybox":true,"showFlares":true,"showImageEffects":true,"showParticleSystems":true,"showVisualEffectGraphs":true,"m_FxEnabled":true},"in2DMode":false,"pivot":{"x":16.524703979492189,"y":3.5548553466796877,"z":285.1941223144531},"rotation":{"x":-0.07521198689937592,"y":-0.02632470801472664,"z":0.001986487302929163,"w":-0.996819794178009},"size":254.44410705566407,"orthographic":false}